{"cameraMode":{"drawMode":0,"name":"Shaded","section":"Shading Mode"},"sceneLighting":true,"audioPlay":false,"sceneViewState":{"m_AlwaysRefresh":false,"showFog":true,"showSkybox":true,"showFlares":true,"showImageEffects":true,"showParticleSystems":true,"showVisualEffectGraphs":true,"m_FxEnabled":true},"in2DMode":false,"pivot":{"x":-5.280966758728027,"y":0.3435303866863251,"z":2.7653543949127199},"rotation":{"x":0.04001063108444214,"y":0.1531665176153183,"z":-0.0062066130340099339,"w":0.9873761534690857},"size":3.975940704345703,"orthographic":false}