{"cameraMode":{"drawMode":0,"name":"Shaded","section":"Shading Mode"},"sceneLighting":true,"audioPlay":false,"sceneViewState":{"m_AlwaysRefresh":false,"showFog":true,"showSkybox":true,"showFlares":true,"showImageEffects":true,"showParticleSystems":true,"showVisualEffectGraphs":true,"m_FxEnabled":true},"in2DMode":false,"pivot":{"x":-150.14239501953126,"y":-46.03339767456055,"z":-55.231746673583987},"rotation":{"x":-0.045736946165561679,"y":0.8827989101409912,"z":-0.08797125518321991,"w":-0.4592576324939728},"size":116.59266662597656,"orthographic":false}